,approach,student_id,student_name,student_params,student_acc,student_type,max_dist_delta,min_dist_delta,mean_dist_delta,std_dist_delta,q25_dist_delta,q75_dist_delta,pos_dist_delta,max_k_gain,min_k_gain,mean_k_gain,std_k_gain,q25_k_gain,q75_k_gain,max_k_loss,min_k_loss,mean_k_loss,std_k_loss,q25_k_loss,q75_k_loss
0,KL_Dist,41,xcit_large_24_p16_224,189.1,83.274,transformer,0.7800000000000011,-5.573999999999998,-0.7681999999999973,1.5549443591331489,-1.0954999999999906,0.4980000000000011,35.0,3.642,2.552,3.255,0.28477605236395837,3.1325,3.4709999999999996,9.136,1.994,4.023200000000001,1.7347133941951332,2.8575,4.643
1,KL_Dist,7,vit_base_patch16_224,86.57,83.502,transformer,0.1419999999999959,-6.7620000000000005,-1.283500000000003,1.745139292434847,-1.4944999999999986,-0.10100000000000263,10.0,2.456,1.644,2.1895000000000002,0.1836549754294721,2.064,2.305,9.212,1.926,3.4730000000000003,1.8480883636882737,2.2725,3.7720000000000002
2,KL_Dist,5,pit_b_224,73.76,79.002,transformer,1.2700000000000102,-4.951999999999998,-0.30139999999999817,1.6237278220194424,-0.8239999999999981,0.9745000000000025,60.0,3.828,2.396,3.3109,0.37445719381526105,3.177,3.5675,8.53,1.434,3.6123,1.8244519478462569,2.231,4.433
3,KL_Dist,46,vit_relpos_medium_patch16_224,38.75,81.49,transformer,0.33800000000000807,-5.751999999999995,-0.9495999999999925,1.5256599358965952,-1.3754999999999917,0.1915000000000084,35.0,2.662,1.136,2.0601,0.44495908800697626,1.824,2.441,8.414000000000001,0.94,3.0097,1.871054919022956,1.5645,3.819
4,KL_Dist,26,pit_xs_224,10.62,77.668,transformer,0.20000000000000284,-3.8959999999999866,-0.4670999999999907,0.9640890985795847,-0.43949999999998823,0.03100000000000236,35.0,2.644,1.374,2.0714999999999995,0.3357182598548968,1.8265,2.2645,6.54,1.39,2.5385999999999997,1.1841951021685573,1.7460000000000002,2.685
5,KL_Dist,171,pit_xs_distilled_224,11.0,77.132,transformer,0.09199999999999876,-3.737999999999999,-0.5709000000000011,0.9072991733711654,-0.659000000000006,-0.06550000000000011,10.0,2.258,1.228,1.7261,0.25411216027573336,1.5415,1.8645,5.996,1.434,2.2968,1.0774929048490296,1.672,2.6365
6,KL_Dist,33,ig_resnext101_32x16d,194.03,82.78999999999999,cnn,-0.47400000000000375,-5.464000000000013,-1.584200000000004,1.196917190118014,-1.7090000000000103,-0.8440000000000047,0.0,2.644,1.7919999999999998,2.136,0.21042623410592134,2.0145,2.218,8.108,2.4459999999999997,3.7202000000000006,1.3860725666428872,2.867,3.9269999999999996
7,KL_Dist,131,gluon_senet154,115.09,81.188,cnn,0.0,-2.7700000000000102,-0.5151000000000089,0.6296286127551713,-0.7560000000000073,-0.13500000000000867,0.0,3.15,2.442,2.7316999999999996,0.19596660429777316,2.5685000000000002,2.872,5.92,2.5700000000000003,3.2468000000000004,0.7756871534323615,2.7255000000000003,3.4395000000000002
8,KL_Dist,235,wide_resnet50_2,68.88,79.82000000000001,cnn,-0.333999999999989,-1.7920000000000016,-0.6693999999999967,0.36711856395448117,-0.7525000000000013,-0.45449999999999946,0.0,2.352,1.818,2.0288999999999997,0.15275270865028873,1.916,2.1545,4.144,2.222,2.6983,0.4930846884663932,2.362,2.8665000000000003
9,KL_Dist,132,gluon_resnet101_v1c,44.57,77.95,cnn,0.1919999999999931,-2.525999999999996,-0.31529999999999847,0.6277016090468451,-0.28650000000000375,0.012500000000002842,35.0,2.866,2.06,2.3543,0.23082484701608708,2.169,2.4895,5.392,2.116,2.6696,0.7593103713238745,2.1985,2.7954999999999997
10,KL_Dist,42,resnetv2_50,25.55,78.02,cnn,-1.509999999999991,-3.3059999999999974,-1.930799999999993,0.38190962281670876,-1.9749999999999908,-1.7044999999999888,0.0,2.5,2.0820000000000003,2.2382999999999997,0.09137237000319079,2.1959999999999997,2.276,5.806,3.592,4.169099999999999,0.46476078793288916,3.8914999999999997,4.2155
11,KL_Dist,130,resnetv2_50x1_bit_distilled,25.55,81.218,cnn,0.24600000000000932,-5.563999999999993,-0.7410999999999923,1.44807533989085,-0.6709999999999923,0.025000000000009237,30.0,2.618,1.27,1.8057999999999996,0.41843561033927307,1.4915,2.173,8.182,1.16,2.5469,1.8063071139759153,1.5855000000000001,2.8440000000000003
12,KL_Dist,48,gluon_resnet34_v1b,21.8,72.56,cnn,0.0379999999999967,-2.4920000000000044,-0.8634999999999977,0.6917435579750625,-1.381499999999992,-0.1890000000000036,5.0,2.978,2.3040000000000003,2.6268000000000002,0.21639722733898417,2.4605,2.8025,5.47,2.284,3.4903000000000004,0.8832780479554556,2.6045,4.164999999999999
13,KL_Dist,214,mixer_l16_224,208.2,75.64800000000001,mlp,6.389999999999986,2.839999999999989,5.677199999999992,0.854648793364853,5.784999999999986,6.103999999999996,100.0,9.56,8.347999999999999,8.893999999999998,0.33346604024997817,8.705000000000002,9.0975,5.6160000000000005,2.32,3.2168000000000005,0.8130912371929733,2.779,3.4040000000000004
14,KL_Dist,2,mixer_b16_224_miil,59.88,80.16,mlp,0.2740000000000009,-4.994,-0.7353000000000008,1.2441976169403322,-0.8609999999999971,0.051499999999997215,35.0,2.12,1.138,1.4528999999999999,0.2811927986275609,1.2485,1.66,7.114,0.988,2.1881999999999997,1.4973011587519727,1.194,2.5845000000000002
15,KL_Dist,9,mixer_b16_224,59.88,76.288,mlp,2.2619999999999862,-1.8800000000000097,1.530099999999991,1.0236537451697232,1.5784999999999947,2.1229999999999905,90.0,5.312,4.212,4.8277,0.3102877857731432,4.6175,5.061,6.9879999999999995,2.062,3.2976,1.2170905635982887,2.481,3.5140000000000002
16,KL_Dist,77,resmlp_36_224,44.69,77.52,mlp,0.35999999999999943,-4.140000000000001,-0.48619999999999663,1.0419245462124416,-0.5579999999999998,0.06650000000000844,30.0,2.766,0.042,2.2133999999999996,0.5717398359393895,2.049,2.5445,6.906,0.055999999999999994,2.6995999999999993,1.372551434373226,1.8395,3.0685000000000002
17,KL_Dist,258,resmlp_24_224,30.02,79.168,mlp,0.4920000000000044,-3.798000000000002,-0.2738000000000021,1.0208339531970896,-0.40000000000000213,0.2989999999999995,60.0,2.812,1.274,2.0534999999999997,0.42120820267416437,1.7525,2.416,6.61,1.072,2.3273,1.3457970537937731,1.3864999999999998,2.8335
18,KL_Dist,160,resmlp_24_distilled_224,30.02,80.186,mlp,0.4319999999999879,-4.116000000000014,-0.45020000000001303,1.0820569116271104,-0.6045000000000158,0.23299999999998633,50.0,2.388,0.8500000000000001,1.6378,0.39995494746283605,1.2885,1.9295,6.504,0.7779999999999999,2.088,1.3774033541414077,1.1284999999999998,2.6155
19,KL_Dist,72,resmlp_12_224,15.35,76.378,mlp,0.25199999999999534,-2.945999999999998,-0.34830000000000394,0.7023082727691582,-0.4265000000000079,0.09699999999999775,30.0,3.2779999999999996,1.804,2.6635,0.3825665301617484,2.405,2.98,5.714,1.552,3.0118,0.8705699052919301,2.566,3.324
20,XEKL_Dist,41,xcit_large_24_p16_224,189.1,82.274,transformer,0.6859999999999928,-3.4879999999999995,-0.280599999999999,1.0130571750893427,-0.6189999999999962,0.5105000000000004,50.0,3.496,2.334,3.0195999999999996,0.30627216654472533,2.8735,3.2814999999999994,6.92,1.804,3.3002000000000002,1.2529687785415882,2.2609999999999997,3.884
21,XEKL_Dist,7,vit_base_patch16_224,86.57,81.796,transformer,0.1919999999999931,-4.516000000000005,-0.6944000000000046,1.1467951168364832,-0.6585000000000072,0.036999999999999034,35.0,2.46,1.588,2.1386000000000003,0.18377388280166473,2.0435,2.1935000000000002,6.976,1.916,2.8329999999999997,1.2636549370773655,1.9989999999999999,2.8609999999999998
22,XEKL_Dist,5,pit_b_224,73.76,80.878,transformer,1.2879999999999967,-3.234000000000009,0.18689999999999998,1.1008137853424642,-0.050500000000003084,0.9939999999999998,75.0,3.5900000000000003,2.094,3.0373,0.40106322444223186,2.8425,3.3595,6.686,1.194,2.8503999999999996,1.360858493745768,1.8,3.5134999999999996
23,XEKL_Dist,46,vit_relpos_medium_patch16_224,38.75,80.49,transformer,0.3539999999999992,-4.10199999999999,-0.4928999999999931,1.0868244522460835,-0.6779999999999866,0.27850000000000463,40.0,2.59,1.152,1.8963,0.41341614627394513,1.645,2.2344999999999997,6.691999999999999,0.8540000000000001,2.3891999999999998,1.4309277270358556,1.4024999999999999,2.922
24,XEKL_Dist,26,pit_xs_224,10.62,77.082,transformer,0.1740000000000066,-2.823999999999984,-0.2346999999999923,0.6841676037346396,-0.15749999999999176,0.10650000000001114,60.0,2.506,1.39,1.9636999999999998,0.2860386512344092,1.7765,2.138,5.33,1.3,2.1985,0.8789274998542257,1.6750000000000003,2.2800000000000002
25,XEKL_Dist,171,pit_xs_distilled_224,11.0,77.872,transformer,0.09199999999999876,-2.5319999999999965,-0.31020000000000036,0.6122244359709915,-0.24249999999999972,0.008499999999994401,30.0,2.11,1.1780000000000002,1.5942,0.20610376027622587,1.4785,1.7005,4.642,1.3259999999999998,1.9044,0.759846194963165,1.56,1.8085
26,XEKL_Dist,33,ig_resnext101_32x16d,194.03,82.25,cnn,-0.3880000000000052,-3.3220000000000027,-0.9563000000000038,0.6671471426904266,-0.9170000000000051,-0.5775000000000077,0.0,2.546,1.7340000000000002,2.0279999999999996,0.18159405276605287,1.939,2.055,5.868,2.264,2.9843,0.8335846147812471,2.5345,2.9345
27,XEKL_Dist,131,gluon_senet154,115.09,80.746,cnn,0.06199999999999761,-1.3419999999999987,-0.33050000000000496,0.3215200615824753,-0.41450000000000387,-0.14850000000001273,10.0,2.938,2.428,2.6026,0.14784329541781738,2.472,2.724,4.279999999999999,2.39,2.9330999999999996,0.4284205760698241,2.6895,3.0295
28,XEKL_Dist,235,wide_resnet50_2,68.88,80.262,cnn,-0.3939999999999913,-1.0519999999999925,-0.5898999999999959,0.1676275335379011,-0.6025000000000027,-0.4985000000000035,0.0,2.196,1.858,1.9956,0.10266761904320178,1.8929999999999998,2.08,3.248,2.252,2.5854999999999997,0.23823507298464688,2.428,2.662
29,XEKL_Dist,132,gluon_resnet101_v1c,44.57,78.634,cnn,0.1900000000000119,-1.3859999999999957,-0.14899999999999594,0.3404746686612675,-0.15599999999999523,0.03849999999999909,30.0,2.626,1.96,2.2523999999999997,0.1976680044923811,2.1229999999999998,2.3935,3.96,2.06,2.4014,0.4260793822751812,2.1354999999999995,2.4955000000000003
30,XEKL_Dist,42,resnetv2_50,25.55,78.17399999999999,cnn,-1.799999999999983,-2.583999999999989,-2.053399999999992,0.2050161944822915,-2.1449999999999925,-1.9204999999999863,0.0,2.382,2.1319999999999997,2.2509,0.05825624430050402,2.2055,2.295,4.9,3.966,4.3043,0.24930485354280615,4.1125,4.443
31,XEKL_Dist,130,resnetv2_50x1_bit_distilled,25.55,82.124,cnn,0.16600000000001103,-1.3659999999999997,-0.14129999999999326,0.322358976918591,-0.2004999999999839,0.009500000000006281,25.0,2.388,1.092,1.502,0.31674595498601077,1.2919999999999998,1.7005,3.754,0.992,1.6433,0.5999730910632576,1.2690000000000001,1.722
32,XEKL_Dist,48,gluon_resnet34_v1b,21.8,71.808,cnn,0.08400000000000318,-2.61399999999999,-0.8006999999999962,0.7284101248609857,-1.355999999999991,-0.13799999999999102,10.0,2.738,2.062,2.4466,0.18729452741604605,2.315,2.6035,5.351999999999999,2.1340000000000003,3.2473,0.8855159569426176,2.3775000000000004,3.9219999999999997
33,XEKL_Dist,214,mixer_l16_224,208.2,77.214,mlp,6.211999999999989,4.563999999999993,5.643199999999995,0.37995178641506605,5.471,5.848999999999993,100.0,8.91,7.728,8.333400000000001,0.3131543389448724,8.169,8.482,3.646,2.138,2.6902,0.3564406823021188,2.505,2.8235
34,XEKL_Dist,2,mixer_b16_224_miil,59.88,81.082,mlp,0.28600000000000136,-3.3560000000000088,-0.3738000000000021,0.8328495422343717,-0.3785000000000025,0.07999999999999474,50.0,1.984,0.894,1.2878,0.2549563884275112,1.1295,1.4084999999999999,5.34,0.7939999999999999,1.6616,1.0634589977991629,1.065,1.8255
35,XEKL_Dist,9,mixer_b16_224,59.88,77.328,mlp,2.1599999999999824,-0.5860000000000127,1.725499999999991,0.6395804484191183,1.7399999999999984,2.0544999999999938,95.0,5.144,3.975999999999999,4.581,0.3335425010399726,4.343999999999999,4.858,5.62,1.976,2.8554999999999997,0.8669121927854055,2.2895000000000003,2.9625
36,XEKL_Dist,77,resmlp_36_224,44.69,78.574,mlp,0.4140000000000015,-2.793999999999997,-0.22599999999999767,0.7035254082120977,-0.37049999999999983,0.20900000000000318,45.0,2.63,0.528,2.1010000000000004,0.44164895561973194,1.8739999999999999,2.3235,5.4239999999999995,0.496,2.327,0.9917504726492445,1.661,2.6725
37,XEKL_Dist,258,resmlp_24_224,30.02,79.388,mlp,0.4539999999999935,-2.450000000000003,-0.04140000000000228,0.6804792722780028,-0.07800000000000296,0.3200000000000074,75.0,2.646,1.206,1.9281000000000001,0.38192013563047444,1.633,2.284,5.096,0.928,1.9695000000000005,0.9798924175642957,1.2650000000000001,2.3695
38,XEKL_Dist,160,resmlp_24_distilled_224,30.02,80.414,mlp,0.3799999999999813,-2.778000000000006,-0.19900000000000945,0.7457692672670276,-0.4105000000000061,0.2624999999999922,60.0,2.242,0.744,1.5177999999999998,0.3497489957097804,1.2285,1.7495,5.0200000000000005,0.738,1.7167999999999999,1.0088479370053745,1.0205,2.2035
39,XEKL_Dist,72,resmlp_12_224,15.35,76.698,mlp,0.3859999999999957,-1.8119999999999976,-0.08740000000000592,0.4833045002894111,-0.1404999999999994,0.19849999999999213,55.00000000000001,3.11,1.876,2.5574000000000003,0.3358678906951363,2.3305,2.862,4.466,1.572,2.6448000000000005,0.6630992082637408,2.24,2.8605
40,CD_Dist,41,xcit_large_24_p16_224,189.1,81.91199999999999,transformer,0.1039999999999992,-0.9879999999999995,-0.4428999999999981,0.3716839921223396,-0.8469999999999942,-0.12449999999999406,15.0,2.8240000000000003,2.22,2.5042,0.19094910316626262,2.35,2.682,3.798,2.28,2.9471,0.5273512965756317,2.43,3.4364999999999997
41,CD_Dist,7,vit_base_patch16_224,86.57,82.16,transformer,0.02199999999999136,-2.1880000000000024,-0.6812000000000019,0.5572735055607789,-0.7500000000000036,-0.32300000000000395,5.0,2.55,1.73,2.1948999999999996,0.17629234243154182,2.0825,2.3040000000000003,4.694,2.024,2.8761,0.6879094344461341,2.4385000000000003,2.9575
42,CD_Dist,5,pit_b_224,73.76,82.634,transformer,0.9939999999999998,-0.2199999999999989,0.3977000000000004,0.4453804104358417,-0.045499999999993435,0.8335000000000008,70.0,3.556,2.264,2.8812,0.4077957331802283,2.496,3.1694999999999998,3.776,1.5,2.4835000000000003,0.7769998391248225,1.71,3.3305
43,CD_Dist,46,vit_relpos_medium_patch16_224,38.75,81.256,transformer,0.18000000000000682,-2.323999999999984,-0.5002999999999936,0.5992092372452197,-0.8504999999999896,0.0015000000000071623,25.0,2.6100000000000003,1.228,1.9108,0.380343739267521,1.5675,2.1494999999999997,4.934,1.112,2.4111000000000002,0.9535490496036374,1.5885,3.015
44,CD_Dist,26,pit_xs_224,10.62,75.616,transformer,-0.6239999999999952,-5.890000000000001,-2.690699999999995,1.8040409391141852,-4.238999999999997,-0.7574999999999967,0.0,2.856,1.654,2.3944,0.3851200332363925,2.039,2.765,8.676,2.308,5.0851,2.1611458511632207,2.7270000000000003,7.084
45,CD_Dist,171,pit_xs_distilled_224,11.0,76.69200000000001,transformer,-0.7000000000000028,-5.516000000000005,-2.694100000000007,1.654120246535905,-4.25650000000001,-1.1200000000000012,0.0,2.6100000000000003,1.582,2.1880000000000006,0.30788829143051216,1.906,2.5039999999999996,8.026,2.282,4.8821,1.9451175260122457,3.0535,6.765499999999999
46,CD_Dist,33,ig_resnext101_32x16d,194.03,80.042,cnn,-2.0859999999999985,-84.01,-6.9887,17.68078309662782,-3.5564999999999998,-2.3764999999999965,0.0,2.442,0.006,1.9107999999999996,0.5071735008850522,1.7675,2.2939999999999996,84.016,3.948,8.899500000000002,17.254639339899285,4.083,5.894
47,CD_Dist,131,gluon_senet154,115.09,79.132,cnn,-1.1340000000000003,-2.108000000000004,-1.7799000000000036,0.2979593764257117,-2.0310000000000024,-1.5779999999999996,0.0,2.838,2.518,2.7133000000000003,0.09942087305993648,2.673,2.788,4.9079999999999995,3.684,4.4932,0.376268202217514,4.3175,4.7575
48,CD_Dist,235,wide_resnet50_2,68.88,78.88199999999999,cnn,-0.7959999999999923,-3.798000000000002,-1.9539000000000009,0.731215556453773,-2.1614999999999895,-1.6554999999999929,0.0,2.852,2.016,2.2649999999999997,0.2486503569271518,2.092,2.354,6.65,2.812,4.2189,0.9568118885130974,3.7835000000000005,4.392
49,CD_Dist,132,gluon_resnet101_v1c,44.57,76.534,cnn,-0.9000000000000057,-3.706000000000003,-2.1432999999999973,0.9796387650557735,-3.1170000000000044,-1.3099999999999952,0.0,2.76,2.098,2.537,0.18440986958403288,2.483,2.659,6.454,3.042,4.680300000000001,1.130086417049599,3.775,5.758
50,CD_Dist,42,resnetv2_50,25.55,78.16199999999999,cnn,-2.028000000000006,-17.214,-4.634800000000004,4.209749560247022,-4.666499999999999,-2.1739999999999995,0.0,2.782,2.236,2.4204,0.15413448673155533,2.3105,2.4915,19.676,4.292,7.055200000000001,4.304414868480964,4.4825,7.302
51,CD_Dist,130,resnetv2_50x1_bit_distilled,25.55,81.88,cnn,-0.45999999999999375,-10.031999999999996,-2.914199999999989,3.141013205957593,-5.30599999999999,-0.6844999999999892,0.0,2.814,1.65,2.3876999999999997,0.3505648442157313,2.0805000000000002,2.7495,12.822,2.11,5.301900000000001,3.4091319408318594,2.7725,8.014000000000001
52,CD_Dist,48,gluon_resnet34_v1b,21.8,70.678,cnn,-1.2000000000000028,-5.635999999999996,-2.9978000000000025,1.3015890134754509,-4.180000000000007,-1.9300000000000033,0.0,3.5740000000000003,2.418,3.0435000000000003,0.37847476798328306,2.67,3.4139999999999997,9.19,3.618,6.0413,1.6617339468157952,4.6145,7.601999999999999
53,CD_Dist,214,mixer_l16_224,208.2,74.67399999999999,mlp,3.8220000000000023,2.937999999999988,3.4965999999999973,0.2523323998221417,3.322999999999997,3.6870000000000047,100.0,7.116,6.370000000000001,6.7330999999999985,0.263085898519856,6.478999999999999,6.993500000000001,3.5380000000000003,2.8979999999999997,3.2365000000000004,0.16763039700483917,3.1415,3.3285
54,CD_Dist,2,mixer_b16_224_miil,59.88,81.386,mlp,-0.32800000000000296,-1.7299999999999898,-0.7320999999999949,0.32993725161005955,-0.8569999999999958,-0.482999999999997,0.0,2.07,1.466,1.6999,0.15416935493151676,1.598,1.7819999999999998,3.55,1.914,2.432,0.38356642188804796,2.209,2.5715000000000003
55,CD_Dist,9,mixer_b16_224,59.88,77.596,mlp,1.6659999999999968,0.3939999999999913,1.1145999999999894,0.406716166386339,0.7699999999999854,1.4574999999999851,100.0,4.986,4.098,4.4037999999999995,0.23328000342935512,4.247,4.5155,4.26,2.814,3.2891999999999997,0.3980273357446696,2.9525,3.5675
56,CD_Dist,77,resmlp_36_224,44.69,78.524,mlp,0.054000000000002046,-1.3819999999999908,-0.48449999999999493,0.39981139303426394,-0.7699999999999854,-0.17899999999999494,5.0,2.488,0.652,2.0178,0.37336679016752417,1.909,2.1885,3.87,0.598,2.5022999999999995,0.7185931463630864,1.998,2.9595000000000002
57,CD_Dist,258,resmlp_24_224,30.02,77.914,mlp,0.04999999999999716,-1.9920000000000044,-0.6695000000000014,0.6112769830445106,-0.9229999999999983,-0.15350000000000108,5.0,2.5940000000000003,1.602,2.1397,0.329310355136306,1.866,2.4455,4.55,1.69,2.8091999999999997,0.9159192977549933,2.0060000000000002,3.3829999999999996
58,CD_Dist,160,resmlp_24_distilled_224,30.02,78.956,mlp,-0.22400000000000375,-80.32200000000002,-8.895200000000013,23.816704200203684,-1.586500000000008,-0.39250000000000895,0.0,2.186,0.006,1.5341999999999998,0.6011791413547214,1.3105,1.9605,80.328,1.504,10.429399999999998,23.31732410119137,1.766,3.653
59,CD_Dist,72,resmlp_12_224,15.35,74.992,mlp,-0.8960000000000008,-3.294000000000011,-1.7296000000000062,0.715415291980819,-1.9390000000000107,-1.2630000000000088,0.0,2.862,2.1340000000000003,2.5513,0.1969733738351455,2.4565,2.6660000000000004,6.085999999999999,3.082,4.2809,0.8786877659328142,3.762,4.5885
60,CRD_Dist,41,xcit_large_24_p16_224,189.1,81.538,transformer,0.5660000000000025,-1.5619999999999976,-0.2670999999999978,0.6899146251529953,-0.6879999999999953,0.3200000000000003,40.0,3.638,2.8920000000000003,3.3376000000000006,0.2144402947209316,3.1719999999999997,3.5285,5.061999999999999,2.526,3.6047000000000002,0.862110265569318,2.879,4.3075
61,CRD_Dist,7,vit_base_patch16_224,86.57,82.616,transformer,-1.13600000000001,-2.680000000000007,-1.8306000000000027,0.45848624843063746,-2.211500000000008,-1.4745000000000097,0.0,2.788,2.504,2.6430999999999996,0.07185116561337053,2.5995,2.7145,5.334,3.698,4.473699999999999,0.5020471193025611,4.1235,4.853
62,CRD_Dist,5,pit_b_224,73.76,82.44,transformer,1.0400000000000065,-0.4959999999999951,0.40740000000000054,0.47892467048587,0.12549999999999883,0.7854999999999954,75.0,3.5360000000000005,3.114,3.3403,0.09793727584530827,3.3064999999999998,3.387,3.768,2.226,2.9329,0.4916765095059963,2.485,3.3520000000000003
63,CRD_Dist,46,vit_relpos_medium_patch16_224,38.75,81.486,transformer,0.10000000000000853,-1.602000000000004,-0.5259999999999941,0.5618821940585056,-0.8534999999999897,-0.03200000000000003,20.0,2.722,2.012,2.3701999999999996,0.23224891818908436,2.148,2.552,4.324,1.982,2.8962,0.7741893566822008,2.138,3.4325
64,CRD_Dist,26,pit_xs_224,10.62,76.584,transformer,-0.597999999999999,-2.2779999999999916,-1.1535999999999973,0.510493330024986,-1.4239999999999888,-0.7184999999999988,0.0,2.72,2.278,2.522,0.12121056059601411,2.4465,2.644,4.942,2.888,3.6756,0.613052885157553,3.184,3.9770000000000003
65,CRD_Dist,171,pit_xs_distilled_224,11.0,78.156,transformer,-0.8539999999999992,-2.0060000000000144,-1.1685000000000065,0.31483575082890597,-1.1905000000000037,-0.9610000000000092,0.0,2.444,2.18,2.322,0.08106047125449001,2.2555,2.3870000000000005,4.326,3.0620000000000003,3.4904999999999995,0.3656680872047763,3.197,3.5854999999999997
66,CRD_Dist,33,ig_resnext101_32x16d,194.03,80.23599999999999,cnn,-3.030000000000001,-4.75,-3.740799999999998,0.4839571881892033,-4.067500000000003,-3.4119999999999955,0.0,2.488,2.25,2.3831999999999995,0.05730061081698867,2.3594999999999997,2.4219999999999997,7.166,5.28,6.1240000000000006,0.4949509066564078,5.856,6.404999999999999
67,CRD_Dist,131,gluon_senet154,115.09,79.948,cnn,-0.7319999999999993,-1.7379999999999995,-1.1026000000000018,0.2803348711808799,-1.282000000000007,-0.9144999999999968,0.0,3.154,2.842,3.0140000000000002,0.06896665861124483,2.9795,3.069,4.694,3.786,4.1166,0.2442065519186576,3.967,4.253
68,CRD_Dist,235,wide_resnet50_2,68.88,80.71199999999999,cnn,-0.3860000000000099,-0.8819999999999908,-0.5864000000000011,0.12453529620151747,-0.6420000000000101,-0.5030000000000037,0.0,2.234,1.998,2.1104999999999996,0.07164042155096523,2.0435,2.1559999999999997,3.088,2.452,2.6969,0.17943185335943007,2.5614999999999997,2.795
69,CRD_Dist,132,gluon_resnet101_v1c,44.57,78.594,cnn,-0.4379999999999882,-1.2120000000000033,-0.7189999999999976,0.1967744902165937,-0.7914999999999992,-0.5944999999999965,0.0,2.856,2.64,2.7588,0.060891378700108245,2.7315,2.796,4.034,3.1579999999999995,3.4778,0.22780245828348736,3.3175000000000003,3.5575
70,CRD_Dist,42,resnetv2_50,25.55,78.506,cnn,-1.5139999999999958,-1.9639999999999984,-1.7657000000000018,0.1107199620664663,-1.847999999999999,-1.6730000000000054,0.0,2.308,2.136,2.2259,0.0438883811503682,2.198,2.253,4.188,3.674,3.9916000000000005,0.1371052150722211,3.878,4.112
71,CRD_Dist,130,resnetv2_50x1_bit_distilled,25.55,82.43599999999999,cnn,-0.04399999999999693,-0.48599999999999,-0.19449999999999007,0.11605839047651788,-0.23699999999999477,-0.10649999999999694,0.0,2.1839999999999997,1.958,2.0629,0.059192820510599105,2.0235,2.1185,2.612,2.054,2.2574,0.15980500617940607,2.138,2.276
72,CRD_Dist,48,gluon_resnet34_v1b,21.8,73.394,cnn,-0.6580000000000013,-1.1840000000000117,-0.9431000000000018,0.15141793156690575,-1.045499999999997,-0.8490000000000038,0.0,2.986,2.75,2.8897,0.06890653089511917,2.849,2.942,4.086,3.4259999999999997,3.8327999999999998,0.18316702760049375,3.7119999999999997,3.9945000000000004
73,CRD_Dist,214,mixer_l16_224,208.2,75.196,mlp,3.963999999999998,2.3419999999999987,3.2356999999999956,0.5814991917449231,2.573499999999992,3.759999999999988,100.0,7.244000000000001,6.418,6.904599999999999,0.28588186371296803,6.6555,7.1705000000000005,4.216,3.256,3.6689000000000007,0.3241730864831318,3.3600000000000003,3.9605
74,CRD_Dist,2,mixer_b16_224_miil,59.88,81.602,mlp,-0.06999999999999318,-1.2059999999999889,-0.4716999999999949,0.27578924924659354,-0.575499999999991,-0.26799999999999713,0.0,2.054,1.694,1.8119999999999998,0.09561798993913224,1.7485000000000002,1.83,3.118,1.87,2.2837,0.318938410982434,2.0365,2.467
75,CRD_Dist,9,mixer_b16_224,59.88,77.64999999999999,mlp,1.2759999999999962,0.18799999999998815,0.9416999999999895,0.33131029262611095,0.7729999999999926,1.2179999999999929,100.0,4.843999999999999,4.456,4.5958,0.09789974463705195,4.5085,4.6575,4.306,3.28,3.6540999999999997,0.304162768924798,3.3970000000000002,3.8235
76,CRD_Dist,77,resmlp_36_224,44.69,77.134,mlp,-1.3960000000000008,-3.999999999999986,-2.5835999999999957,0.7147269688489419,-3.288999999999991,-2.030000000000001,0.0,3.068,2.664,2.8566000000000003,0.10661350758698444,2.7715,2.9124999999999996,6.902,4.242,5.4402,0.7834970070140664,4.763999999999999,6.1555
77,CRD_Dist,258,resmlp_24_224,30.02,79.094,mlp,-0.05200000000000671,-1.3100000000000025,-0.431600000000001,0.345643515778902,-0.5359999999999978,-0.17150000000000176,0.0,2.77,2.16,2.4543,0.20172979452723386,2.27,2.6205,4.056,2.308,2.8859,0.5100229308570352,2.4595,3.2205
78,CRD_Dist,160,resmlp_24_distilled_224,30.02,80.336,mlp,-0.08600000000001273,-1.176000000000002,-0.4856000000000108,0.33113296423038135,-0.7265000000000086,-0.198500000000017,0.0,2.294,1.818,2.0533000000000006,0.14801523570227493,1.9435,2.202,3.47,1.99,2.5388999999999995,0.4689859166328985,2.1435,2.897
79,CRD_Dist,72,resmlp_12_224,15.35,72.566,mlp,-2.0900000000000034,-4.6299999999999955,-3.0732000000000057,0.6701687548670092,-3.4240000000000066,-2.606500000000011,0.0,3.628,3.252,3.3840000000000003,0.10089796826497557,3.304,3.4545000000000003,8.084,5.3420000000000005,6.4572,0.7381217785704468,5.9185,6.762
80,XEKL+MCL_Dist,41,xcit_large_24_p16_224,189.1,81.458,transformer,0.010000000000005116,-4.182000000000002,-1.0195999999999992,1.0045260773120825,-1.4709999999999963,-0.24849999999999994,5.0,3.028,2.1999999999999997,2.5507,0.1994445035592608,2.429,2.6385000000000005,7.117999999999999,2.474,3.5703000000000005,1.1682342701701574,2.721,3.9725
81,XEKL+MCL_Dist,7,vit_base_patch16_224,86.57,83.964,transformer,0.04999999999999716,-0.43200000000000216,-0.07590000000000359,0.12720452035993113,-0.10150000000000503,0.014499999999998183,35.0,1.608,1.09,1.3746,0.12634571619172533,1.306,1.4385,1.91,1.226,1.4505000000000001,0.15607289963347254,1.367,1.5095
82,XEKL+MCL_Dist,5,pit_b_224,73.76,82.916,transformer,0.8499999999999943,0.4579999999999984,0.6417000000000002,0.10436335563788586,0.5764999999999958,0.7059999999999995,100.0,1.9539999999999995,1.036,1.5338,0.27914361894909934,1.3370000000000002,1.807,1.402,0.524,0.8921000000000001,0.2577824470362557,0.7010000000000001,1.1175000000000002
83,XEKL+MCL_Dist,46,vit_relpos_medium_patch16_224,38.75,82.52199999999999,transformer,0.34199999999999875,-0.02599999999999625,0.20120000000000574,0.08956204553269208,0.16600000000001458,0.2545000000000037,95.0,1.516,0.6819999999999999,1.0049,0.22568249821375158,0.859,1.1215000000000002,1.542,0.494,0.8037000000000001,0.28498440308199324,0.62,0.9005
84,XEKL+MCL_Dist,26,pit_xs_224,10.62,77.99199999999999,transformer,0.10000000000000853,-0.1979999999999933,-0.050899999999992215,0.08356428663011423,-0.12049999999999272,0.009000000000003894,30.0,1.588,1.106,1.3986999999999998,0.13619878854086773,1.322,1.4965,1.772,1.096,1.4495999999999998,0.1925695718435288,1.3065,1.5875000000000001
85,XEKL+MCL_Dist,171,pit_xs_distilled_224,11.0,79.17,transformer,0.09199999999999876,-0.8840000000000003,-0.09650000000000034,0.20989985707474912,-0.11300000000000311,0.010500000000000398,25.0,1.7000000000000002,0.774,1.1019,0.18596502359314776,1.004,1.1815,2.5919999999999996,0.84,1.1987999999999999,0.3691365059161718,0.98,1.2775
86,XEKL+MCL_Dist,33,ig_resnext101_32x16d,194.03,83.616,cnn,-0.1460000000000008,-0.8580000000000041,-0.5025000000000042,0.21453379687126198,-0.6900000000000013,-0.35050000000000026,0.0,2.52,1.878,2.2565,0.1555427593943222,2.1505,2.3529999999999998,3.376,2.06,2.759,0.3634856255754827,2.5045,3.055
87,XEKL+MCL_Dist,131,gluon_senet154,115.09,81.66600000000001,cnn,0.5819999999999936,0.2919999999999874,0.4296842105263099,0.08931614613953515,0.33799999999999386,0.49499999999999744,95.0,1.818,1.4540000000000002,1.617263157894737,0.10413394315180564,1.516,1.684,1.458,1.0,1.187578947368421,0.11385601053846069,1.117,1.2429999999999999
88,XEKL+MCL_Dist,235,wide_resnet50_2,68.88,81.322,cnn,0.18600000000000705,-0.01999999999999602,0.12750000000000555,0.05050891010505072,0.10100000000000266,0.1740000000000066,95.0,1.148,0.948,1.0310000000000001,0.05133614710903032,0.999,1.06,1.092,0.814,0.9035000000000002,0.07189123729634929,0.8425,0.9335
89,XEKL+MCL_Dist,132,gluon_resnet101_v1c,44.57,79.664,cnn,0.4819999999999993,0.14400000000000546,0.3454000000000043,0.07590283262171447,0.299500000000009,0.40050000000000807,100.0,1.646,1.228,1.3894000000000002,0.13078394396866916,1.2965,1.483,1.406,0.8880000000000001,1.044,0.14187741187377217,0.9395,1.0545
90,XEKL+MCL_Dist,42,resnetv2_50,25.55,79.144,cnn,-0.8299999999999983,-1.8659999999999997,-1.067999999999993,0.20264254242384688,-1.1134999999999984,-0.9649999999999891,0.0,2.256,1.876,1.9954,0.07728415102723196,1.959,2.0065,4.122,2.782,3.0634,0.26697647836466787,2.95,3.1305
91,XEKL+MCL_Dist,130,resnetv2_50x1_bit_distilled,25.55,82.648,cnn,0.1740000000000066,-0.036000000000001364,0.0523000000000053,0.05234606002365511,-0.0045000000000001705,0.08150000000000901,70.0,1.154,0.582,0.7546999999999999,0.13723013517445792,0.665,0.8295,1.16,0.49,0.7024,0.1564782412989103,0.6,0.7475
92,XEKL+MCL_Dist,48,gluon_resnet34_v1b,21.8,74.744,cnn,0.3440000000000083,0.0020000000000095497,0.220000000000001,0.08251060537894545,0.19499999999999673,0.27500000000000213,100.0,1.688,1.3,1.513,0.09865596788841519,1.4645,1.5604999999999998,1.636,1.058,1.293,0.15533254649299996,1.1824999999999999,1.375
93,XEKL+MCL_Dist,214,mixer_l16_224,208.2,69.376,mlp,3.649999999999991,-37.772000000000006,-0.9615000000000062,10.656865878390324,2.0774999999999935,3.1859999999999964,85.0,4.9079999999999995,2.47,4.1728000000000005,0.5322313031004471,3.9805,4.526,40.242,0.84,5.1343000000000005,10.247936792837862,1.1635,2.141
94,XEKL+MCL_Dist,2,mixer_b16_224_miil,59.88,82.116,mlp,0.16800000000000637,-0.2740000000000009,0.04519999999999982,0.10440191569123737,0.02450000000000685,0.09300000000000708,80.0,0.922,0.464,0.6242000000000001,0.12815131680946554,0.531,0.672,1.196,0.388,0.579,0.2097822680781195,0.43900000000000006,0.588
95,XEKL+MCL_Dist,9,mixer_b16_224,59.88,77.97800000000001,mlp,1.4959999999999951,0.5699999999999932,1.0847999999999942,0.2841931737392728,0.8559999999999981,1.3334999999999972,100.0,3.114,2.062,2.5319,0.2860660588046055,2.3009999999999997,2.715,1.826,1.18,1.4471,0.18010272069016617,1.2885,1.5955000000000001
96,XEKL+MCL_Dist,77,resmlp_36_224,44.69,79.46600000000001,mlp,0.2259999999999991,-79.438,-47.651599999999995,38.93029240373106,-79.438,-0.05049999999999599,20.0,1.912,0.004,0.6735,0.822207972474118,0.004,1.6349999999999998,79.44200000000001,1.344,48.325100000000006,38.11041410152874,1.7469999999999999,79.44200000000001
97,XEKL+MCL_Dist,258,resmlp_24_224,30.02,79.47,mlp,0.4479999999999933,0.07799999999998875,0.24119999999999778,0.07431123737362987,0.20250000000000057,0.2714999999999925,100.0,1.396,0.77,1.0954000000000002,0.16049436127166586,0.972,1.212,1.318,0.62,0.8542,0.16729961147593858,0.7424999999999999,0.8980000000000001
98,XEKL+MCL_Dist,160,resmlp_24_distilled_224,30.02,80.71000000000001,mlp,0.29999999999999716,-80.32200000000002,-15.922100000000011,32.20002189114163,0.03299999999998349,0.2049999999999912,80.0,1.06,0.006,0.6788,0.349577115955836,0.6885,0.883,80.328,0.5459999999999999,16.600900000000003,31.86368987091734,0.6335,0.815
99,XEKL+MCL_Dist,72,resmlp_12_224,15.35,75.748,mlp,-0.6340000000000003,-76.28200000000001,-64.94739999999999,26.981754962196216,-76.28200000000001,-76.28200000000001,0.0,2.322,0.006,0.3463,0.8101812821831913,0.006,0.006,76.288,2.8899999999999997,65.2937,26.1716852516226,76.288,76.288
100,KL+MT_Dist,41,xcit_large_24_p16_224,189.1,82.76400000000001,transformer,0.7339999999999947,0.1840000000000117,0.42450000000000043,0.13778370730968084,0.329500000000003,0.49549999999999983,100.0,2.436,1.71,2.0976,0.22579424261924838,1.9435,2.322,2.1239999999999997,1.354,1.6730999999999998,0.20041404641391777,1.5265,1.7515
101,KL+MT_Dist,7,vit_base_patch16_224,86.57,84.44800000000001,transformer,0.3459999999999894,-0.07200000000000273,0.1899999999999963,0.11730984613407303,0.09799999999999898,0.28500000000000014,95.0,1.99,0.754,1.4412000000000003,0.3595794209906901,1.2045,1.7160000000000002,1.924,0.628,1.2512,0.34214114046691313,1.0015,1.47
102,KL+MT_Dist,5,pit_b_224,73.76,82.472,transformer,0.9560000000000032,0.23399999999999463,0.623299999999999,0.1843022246203216,0.5005000000000024,0.7019999999999911,100.0,1.994,0.536,1.4,0.4023853874086384,1.1684999999999999,1.7435,1.132,0.302,0.7767000000000001,0.2520557676388303,0.5905,1.0035
103,KL+MT_Dist,46,vit_relpos_medium_patch16_224,38.75,82.464,transformer,0.3580000000000041,0.09600000000001783,0.2291000000000075,0.07216224774769561,0.17850000000000676,0.279000000000007,100.0,1.516,0.562,1.1301999999999999,0.2831867934773795,0.9475,1.4289999999999998,1.244,0.412,0.9011000000000001,0.2566378576905598,0.71,1.18
104,KL+MT_Dist,26,pit_xs_224,10.62,78.132,transformer,0.2920000000000158,-0.015999999999991132,0.14980000000000898,0.09191060874567342,0.08050000000000068,0.2125000000000128,90.0,2.08,0.74,1.6088,0.363467962824786,1.4045,1.907,2.096,0.6479999999999999,1.459,0.37385745946817756,1.1504999999999999,1.701
105,KL+MT_Dist,171,pit_xs_distilled_224,11.0,79.184,transformer,0.20000000000000284,-0.08800000000000807,0.08429999999999964,0.07025745512043673,0.04299999999999926,0.13000000000000253,90.0,1.632,0.604,1.1622000000000001,0.3242115975717093,0.8705,1.466,1.662,0.5479999999999999,1.0779,0.32539789489177706,0.8125,1.341
106,KL+MT_Dist,285,xcit_large_24_p16_224_dist,189.1,84.5,transformer,-0.006000000000000227,-0.16400000000000148,-0.10470000000000254,0.046005543144277655,-0.13200000000000855,-0.0905000000000058,0.0,1.2959999999999998,0.818,1.0396999999999998,0.13520987389980063,0.94,1.162,1.344,0.964,1.1444000000000003,0.11987093058786188,1.0515,1.2345
107,KL+MT_Dist,144,xcit_small_24_p16_224,47.67,82.52199999999999,transformer,0.4039999999999963,-0.02400000000000091,0.2824000000000041,0.1082101658810306,0.23549999999999474,0.3659999999999961,95.0,2.3120000000000003,1.274,1.8852,0.2475862677936723,1.7385,2.0484999999999998,1.918,1.032,1.6026,0.19642413293686697,1.5085,1.749
108,KL+MT_Dist,261,vit_small_patch32_224,22.88,75.94800000000001,transformer,0.4519999999999982,0.006000000000014438,0.24980000000000543,0.12007314437458377,0.17050000000000762,0.33800000000000807,100.0,2.5860000000000003,1.466,2.0143999999999997,0.3229325626195042,1.8135000000000001,2.2045,2.58,1.174,1.7646000000000002,0.4124342856746999,1.419,2.0005
109,KL+MT_Dist,63,vit_base_patch16_224_sam,86.57,80.704,transformer,0.5339999999999918,0.05799999999999272,0.3563999999999993,0.14778037758782364,0.26249999999999574,0.47749999999999204,100.0,1.886,0.432,1.1078000000000001,0.45286284899514556,0.7715000000000001,1.4275,1.412,0.336,0.7514,0.32971266278382455,0.48050000000000004,0.9684999999999999
110,KL+MT_Dist,237,deit_small_patch16_224,22.05,79.83200000000001,transformer,0.3580000000000041,0.08200000000000784,0.2218000000000025,0.07704258562639198,0.1645000000000003,0.28150000000000475,100.0,1.806,0.694,1.3972000000000002,0.3065964122425441,1.2,1.6804999999999999,1.68,0.534,1.1754,0.2837478458068008,0.9855,1.369
111,KL+MT_Dist,33,ig_resnext101_32x16d,194.03,83.17,cnn,-0.5520000000000067,-0.9440000000000026,-0.7397000000000041,0.0948393905505506,-0.8085000000000058,-0.671999999999997,0.0,1.824,1.318,1.5375,0.13147300103062987,1.442,1.5735000000000001,2.6100000000000003,2.1420000000000003,2.2771999999999997,0.11883501167585254,2.1805,2.316
112,KL+MT_Dist,131,gluon_senet154,115.09,81.184,cnn,0.1519999999999868,-0.7379999999999995,-0.06290000000000759,0.23469595224459933,-0.07800000000000651,0.05449999999999023,50.0,2.73,1.896,2.272,0.22335532230058908,2.0740000000000003,2.42,3.4680000000000004,1.908,2.3348999999999998,0.4151744091342819,2.042,2.4219999999999997
113,KL+MT_Dist,235,wide_resnet50_2,68.88,80.794,cnn,-0.3359999999999985,-0.6380000000000052,-0.44159999999999544,0.07251096468810858,-0.47699999999999676,-0.3940000000000019,0.0,1.96,1.7399999999999998,1.8351000000000002,0.06460797164437215,1.7875,1.8824999999999998,2.428,2.156,2.2766999999999995,0.07457955483911129,2.2215000000000003,2.3600000000000003
114,KL+MT_Dist,132,gluon_resnet101_v1c,44.57,79.412,cnn,0.26200000000000045,-0.055999999999997385,0.10580000000000353,0.0830154202543115,0.05450000000000088,0.17200000000001125,90.0,2.448,1.31,1.8397000000000001,0.3101885072016692,1.5735000000000001,2.0004999999999997,2.45,1.366,1.7339000000000002,0.2939887582884761,1.4755,1.867
115,KL+MT_Dist,42,resnetv2_50,25.55,78.33,cnn,-1.5779999999999887,-1.9719999999999944,-1.7715999999999916,0.1055340703280223,-1.8434999999999917,-1.7259999999999847,0.0,2.266,2.102,2.1735999999999995,0.04103461953034291,2.1575,2.1839999999999997,4.238,3.698,3.9452,0.12910832660986676,3.867,4.0135000000000005
116,KL+MT_Dist,130,resnetv2_50x1_bit_distilled,25.55,82.664,cnn,0.2600000000000051,-0.05799999999999272,0.12690000000000837,0.08219847930466738,0.06950000000001566,0.19350000000000733,95.0,1.586,0.75,1.1275,0.2311249661979424,0.9624999999999999,1.301,1.5779999999999998,0.606,1.0006,0.2843948663390392,0.7685,1.1664999999999999
117,KL+MT_Dist,48,gluon_resnet34_v1b,21.8,74.576,cnn,0.230000000000004,-0.4379999999999882,-0.0779999999999987,0.2073740581654312,-0.240000000000002,0.09949999999999905,45.0,2.494,1.298,1.9232000000000002,0.3592410889639435,1.726,2.213,2.852,1.17,2.0012000000000003,0.512712941127879,1.5915000000000001,2.4435000000000002
118,KL+MT_Dist,302,swsl_resnext101_32x8d,88.79,84.438,cnn,0.1979999999999933,-0.2220000000000084,0.0832999999999899,0.09226326462899483,0.047999999999984055,0.1384999999999863,95.0,1.754,0.804,1.3279999999999998,0.21439216403590874,1.1945,1.4364999999999999,1.6740000000000002,1.014,1.2447000000000004,0.19169066226605821,1.0955000000000001,1.421
119,KL+MT_Dist,40,convnext_small_in22ft1k,50.22,84.248,cnn,0.3640000000000043,0.06799999999999784,0.2292000000000037,0.08815985480931807,0.18700000000000472,0.2965000000000053,100.0,1.428,0.462,0.9996,0.25862683542123,0.791,1.1804999999999999,1.16,0.356,0.7704000000000002,0.19762044428651607,0.6555,0.893
120,KL+MT_Dist,139,legacy_seresnet152,66.82,78.926,cnn,0.4180000000000064,-0.3100000000000165,0.1559999999999974,0.1946720318895383,0.04550000000000054,0.2995000000000019,75.0,3.166,2.222,2.7154999999999996,0.26424524593642174,2.4715,2.907,3.476,2.01,2.5595,0.4260013497631199,2.234,2.8825
121,KL+MT_Dist,214,mixer_l16_224,208.2,77.11200000000001,mlp,5.471999999999994,3.971999999999994,5.069699999999994,0.40941044197724186,5.024999999999995,5.334999999999994,100.0,7.22,5.022,6.4709,0.6346994485581345,6.2025,6.8740000000000006,2.03,0.952,1.4011999999999998,0.275393827091313,1.192,1.54
122,KL+MT_Dist,2,mixer_b16_224_miil,59.88,82.228,mlp,0.2680000000000007,0.012000000000000456,0.10779999999999887,0.06240160254352331,0.06900000000000617,0.12549999999999883,100.0,1.124,0.264,0.5956,0.2450808846075108,0.407,0.6895,1.012,0.19,0.4878,0.21524395461893928,0.335,0.608
123,KL+MT_Dist,9,mixer_b16_224,59.88,78.28,mlp,1.911999999999992,1.2139999999999844,1.6667999999999907,0.1780139320390418,1.644999999999989,1.7824999999999918,100.0,3.698,1.95,2.9802999999999997,0.489723707819011,2.5725,3.333,2.056,0.736,1.3135000000000001,0.36779335230534005,1.0205,1.5819999999999999
124,KL+MT_Dist,77,resmlp_36_224,44.69,78.962,mlp,0.42199999999999704,-0.7800000000000011,-0.05569999999999879,0.386216661991685,-0.3689999999999963,0.25950000000000273,50.0,2.324,0.0,1.6616,0.5924405792988863,1.3699999999999999,2.2105,3.016,0.0,1.7172999999999998,0.8703096632808348,1.036,2.5949999999999998
125,KL+MT_Dist,258,resmlp_24_224,30.02,79.618,mlp,0.5060000000000002,0.10800000000000408,0.327199999999997,0.10424087490039398,0.269999999999996,0.4059999999999952,100.0,1.866,0.6479999999999999,1.3107000000000002,0.3304562149513911,1.07,1.6280000000000001,1.562,0.47,0.9835,0.28329128119305047,0.7985,1.168
126,KL+MT_Dist,160,resmlp_24_distilled_224,30.02,80.568,mlp,0.4399999999999835,-0.0040000000000048885,0.24929999999999025,0.11069467015172874,0.1729999999999876,0.31399999999998585,95.0,1.476,0.438,0.9802000000000002,0.3181508447262084,0.72,1.2975,1.22,0.362,0.7308999999999999,0.23541578111927836,0.5595,0.941
127,KL+MT_Dist,72,resmlp_12_224,15.35,76.338,mlp,0.4679999999999893,-0.7360000000000042,0.1260999999999946,0.2953827855512244,-0.009500000000006281,0.3575000000000017,75.0,3.0620000000000003,1.164,2.2939,0.5167086122758164,1.8649999999999998,2.7425,3.712,0.994,2.1677999999999997,0.7299062679550026,1.608,2.733
128,KL+MT_Dist,299,mixnet_xl,11.9,79.204,mlp,-0.9440000000000026,-1.1359999999999957,-1.060999999999995,0.05451054943770004,-1.1019999999999932,-1.0309999999999917,0.0,1.7659999999999998,1.474,1.5947999999999998,0.08341318840567116,1.5165,1.6509999999999998,2.902,2.504,2.6558,0.10475857960090913,2.5855,2.7355
129,KL+MT_Dist,232,mixnet_s,4.13,75.476,mlp,-0.5220000000000056,-1.0300000000000011,-0.7377000000000052,0.14528630355267494,-0.7980000000000054,-0.6270000000000024,0.0,2.154,1.478,1.8374000000000001,0.1909231258910245,1.6909999999999998,1.9679999999999995,3.184,2.108,2.5751,0.3124903038495755,2.2795,2.7475
130,KL+MT_u_Dist,41,xcit_large_24_p16_224,189.1,82.834,transformer,0.9140000000000016,-0.5120000000000005,0.39769999999999966,0.2932488874659206,0.24750000000000583,0.5640000000000001,95.0,3.096,1.714,2.4505000000000003,0.39458224744658754,2.081,2.739,3.456,1.37,2.0527999999999995,0.46600746775132257,1.7810000000000001,2.359
131,KL+MT_u_Dist,7,vit_base_patch16_224,86.57,84.532,transformer,0.387999999999991,-0.1460000000000008,0.1456999999999958,0.14141325963289153,0.06349999999999767,0.25199999999999534,80.0,2.1260000000000003,0.52,1.3678000000000001,0.4333801564446624,1.086,1.6865,2.15,0.47,1.2221,0.4067802723830151,0.9315,1.4224999999999999
132,KL+MT_u_Dist,5,pit_b_224,73.76,82.596,transformer,1.323999999999998,0.29400000000001114,0.7362000000000031,0.303390771118699,0.5260000000000034,0.8790000000000049,100.0,2.988,0.758,1.9622,0.6215731332675182,1.5385,2.2915,1.772,0.4,1.226,0.4501848509223739,0.768,1.664
133,KL+MT_u_Dist,46,vit_relpos_medium_patch16_224,38.75,82.402,transformer,0.39000000000000057,-82.214,-3.9809999999999954,17.94852065770324,0.04300000000000992,0.23550000000000185,85.0,1.828,0.004,1.2582999999999998,0.4520611794879096,0.9924999999999999,1.6495,82.218,0.638,5.239299999999999,17.66390556219094,0.7805,1.554
134,KL+MT_u_Dist,26,pit_xs_224,10.62,78.05199999999999,transformer,0.21800000000001776,-0.37000000000000455,0.07430000000000944,0.13343653922371185,0.009000000000000343,0.1650000000000027,75.0,2.218,0.77,1.6825999999999997,0.41039449314044163,1.4595,2.0125,2.198,0.758,1.6082999999999998,0.43713488764910996,1.3,1.912
135,KL+MT_u_Dist,171,pit_xs_distilled_224,11.0,79.256,transformer,0.22400000000000375,-0.16400000000000148,0.0960000000000015,0.08752599613829191,0.0639999999999965,0.16250000000000497,85.0,1.646,0.334,1.0476999999999999,0.3714028944421408,0.823,1.3645,1.6920000000000002,0.338,0.9517000000000003,0.36452833909039223,0.7205,1.1945
136,KL+MT_u_Dist,33,ig_resnext101_32x16d,194.03,82.77799999999999,cnn,-0.9519999999999982,-1.3360000000000127,-1.103600000000003,0.10483434551710637,-1.1204999999999963,-1.0290000000000035,0.0,1.7760000000000002,1.308,1.4964,0.12736969812321927,1.4129999999999998,1.5655000000000001,2.8080000000000003,2.448,2.6000000000000005,0.09177581380734257,2.54,2.6614999999999998
137,KL+MT_u_Dist,131,gluon_senet154,115.09,81.23,cnn,0.1519999999999868,-0.7740000000000009,-0.0564000000000064,0.21996417890192826,-0.04100000000001103,0.06249999999998934,50.0,2.77,1.848,2.2596,0.25869333195890454,2.0465,2.356,3.544,1.83,2.3160000000000003,0.42636228726283937,2.026,2.328
138,KL+MT_u_Dist,235,wide_resnet50_2,68.88,80.612,cnn,-0.3839999999999862,-0.6039999999999992,-0.44469999999999743,0.0619653935676997,-0.46649999999999636,-0.39350000000000307,0.0,2.028,1.698,1.8697,0.09293928125394557,1.8095,1.943,2.47,2.19,2.3144,0.08109648574383485,2.2560000000000002,2.383
139,KL+MT_u_Dist,132,gluon_resnet101_v1c,44.57,79.44600000000001,cnn,0.2560000000000002,-0.12599999999999056,0.10250000000000484,0.10274409958727547,-0.005000000000002558,0.1810000000000116,70.0,2.664,1.354,1.9051000000000005,0.35994525972708685,1.6425,2.1100000000000003,2.706,1.448,1.8025999999999995,0.3314719294299292,1.5825,1.935
140,KL+MT_u_Dist,42,resnetv2_50,25.55,78.39,cnn,-1.554000000000002,-2.015999999999991,-1.802999999999993,0.12375378782081622,-1.9319999999999915,-1.7239999999999895,0.0,2.274,2.108,2.1849999999999996,0.05174746370596339,2.1470000000000002,2.215,4.234,3.706,3.9880000000000004,0.1560397385283633,3.887,4.1265
141,KL+MT_u_Dist,130,resnetv2_50x1_bit_distilled,25.55,82.684,cnn,0.23999999999999488,-0.02999999999998693,0.09390000000000569,0.07562400412567298,0.01900000000000901,0.13500000000000156,90.0,1.696,0.6839999999999999,1.0665,0.2725875088847616,0.8785000000000001,1.1625,1.6920000000000002,0.5700000000000001,0.9725999999999999,0.2862286498588148,0.7484999999999999,1.0925
142,KL+MT_u_Dist,48,gluon_resnet34_v1b,21.8,74.516,cnn,0.2160000000000082,-0.4339999999999975,-0.009099999999997976,0.17625830476888202,-0.08750000000000568,0.11150000000000303,65.0,2.58,1.12,1.8686,0.4014459365842429,1.536,2.1245000000000003,3.014,1.112,1.8777000000000001,0.5177741882326696,1.4585,2.2575
143,KL+MT_u_Dist,214,mixer_l16_224,208.2,74.61,mlp,4.731999999999999,0.7479999999999905,2.5647999999999924,1.0673470663284756,1.801999999999989,3.39449999999999,100.0,6.014,1.086,3.2205999999999997,1.2998666239272398,2.284,4.187,1.282,0.338,0.6557999999999999,0.23963797695690892,0.4885,0.7925
144,KL+MT_u_Dist,2,mixer_b16_224_miil,59.88,82.204,mlp,0.27599999999999625,-0.13800000000000523,0.09740000000000108,0.09502862726568312,0.043499999999998096,0.1515000000000022,90.0,1.23,0.322,0.7154,0.24735003537497216,0.5515000000000001,0.841,1.084,0.234,0.618,0.22750472522565326,0.43,0.768
145,KL+MT_u_Dist,9,mixer_b16_224,59.88,78.122,mlp,2.0679999999999836,0.6399999999999864,1.5073999999999892,0.3749619180663559,1.3074999999999868,1.7534999999999918,100.0,4.124,1.12,2.6138000000000003,0.7688627705904351,2.1285,3.0625,2.2079999999999997,0.48,1.1064,0.4302922727635252,0.8255,1.3405
146,KL+MT_u_Dist,77,resmlp_36_224,44.69,79.908,mlp,0.37000000000000455,-0.9240000000000066,-0.07039999999999721,0.3460905083933991,-0.3680000000000021,0.24850000000000705,50.0,2.502,0.0,1.7546,0.610948148372675,1.471,2.296,3.28,0.0,1.8249999999999997,0.840068211516184,1.1475,2.4725
147,KL+MT_u_Dist,258,resmlp_24_224,30.02,79.50399999999999,mlp,0.5379999999999967,-0.14200000000001012,0.28479999999999633,0.15551257183906436,0.2209999999999965,0.3589999999999911,95.0,2.016,0.734,1.4516000000000002,0.38114753049180317,1.2269999999999999,1.7465,1.6820000000000002,0.5519999999999999,1.1668,0.352233104633849,0.911,1.496
148,KL+MT_u_Dist,160,resmlp_24_distilled_224,30.02,80.432,mlp,0.525999999999982,-0.0560000000000116,0.2150999999999897,0.15026040729347134,0.11049999999999827,0.3304999999999829,90.0,1.576,0.31,0.938,0.36914333259589016,0.6805,1.2425,1.232,0.3,0.7229,0.2558354744752963,0.508,0.8825000000000001
149,KL+MT_u_Dist,72,resmlp_12_224,15.35,76.304,mlp,0.39799999999999613,-0.8640000000000043,-0.00010000000000545128,0.3328672257822935,-0.09400000000000475,0.27500000000000213,60.0,3.116,1.208,2.3590999999999998,0.534281751513188,2.1115,2.8265,3.98,1.154,2.3592000000000004,0.7654124117101839,1.808,2.8714999999999997
